{"lastUsed":1715873254200,"path":"C:\/Users\/mario\/Desktop\/Eclipse","projectCount":1,"recentFiles":[{"path":"\/DiaryWeb\/src\/main\/resources","parentWorkspace":"C:\/Users\/mario\/Desktop\/Eclipse","name":"applicationContext.xml","lastModified":1715872042344,"locationURI":"file:\/C:\/Users\/mario\/Desktop\/Eclipse\/DiaryWeb\/src\/main\/resources\/applicationContext.xml"},{"path":"\/DiaryWeb\/src\/main\/resources","parentWorkspace":"C:\/Users\/mario\/Desktop\/Eclipse","name":"log4j2.xml","lastModified":1715871622171,"locationURI":"file:\/C:\/Users\/mario\/Desktop\/Eclipse\/DiaryWeb\/src\/main\/resources\/log4j2.xml"},{"path":"\/DiaryWeb","parentWorkspace":"C:\/Users\/mario\/Desktop\/Eclipse","name":"pom.xml","lastModified":1715871756283,"locationURI":"file:\/C:\/Users\/mario\/Desktop\/Eclipse\/DiaryWeb\/pom.xml"},{"path":"\/DiaryWeb\/src\/main\/webapp\/WEB-INF","parentWorkspace":"C:\/Users\/mario\/Desktop\/Eclipse","name":"web.xml","lastModified":1715871712253,"locationURI":"file:\/C:\/Users\/mario\/Desktop\/Eclipse\/DiaryWeb\/src\/main\/webapp\/WEB-INF\/web.xml"}]}