<?xml version="1.0" encoding="UTF-8"?>
<!DOCTYPE log4j:configuration PUBLIC "-//APACHE//DTD LOG4J 1.2//EN" "log4j.dtd">
<Configuration xmlns:log4j="http://jakarta.apache.org/log4j/">

	<!-- Appenders -->
	<appenders>
		<Console name="console" target="SYSTEM_OUT">
			<PatternLayout pattern="%-5p: %c - %m5nL" />
		</Console>
	</appenders>
	
	<!-- Loggers -->
	<Loggers>
		<Logger name="org.springfamework" level="DEBUG" additivity="false">
			<AppenderRef ref="console" />
		</Logger>
	</Loggers>
</Configuration>