<?xml version="1.0" encoding="UTF-8"?>
<beans xmlns="http://www.springframework.org/schema/beans"
	xmlns:xsi="http://www.w3.org/2001/XMLSchema-instance"
	xsi:schemaLocation="http://www.springframework.org/schema/beans http://www.springframework.org/schema/beans/spring-beans.xsd">


	<!-- HandlerMapping 등록 -->
	<bean class="org.springframework.web.servlet.handler.SimpleUrlHandlerMapping">
		<property name="mappings">
			<props>
			<!-- prop의 값인 login은 id이다. idㅇㅇ. -->
				<prop key="/login.do">login</prop>
				<prop key="/getBoardList.do">getBoardList</prop>
				<prop key="/getBoard.do">getBoard</prop>
				<prop key="/insertBoard.do">insertBoard</prop>
				<prop key="/updateBoard.do">updateBoard</prop>
				<prop key="/deleteBoard.do">deleteBoard</prop>
				<prop key="/logout.do">logout</prop>
			</props>
		</property>
	</bean>

	<!-- Controller를 bean 등록 - to 위에서 만든 handler와 연결 -->
	<bean id="login" class="com.springbook.view.user.LoginController"></bean>
	<bean id="getBoardList" class="com.springbook.view.board.GetBoardListController"></bean>
	<bean id="getBoard" class="com.springbook.view.board.GetBoardController"></bean>
	<bean id="insertBoard" class="com.springbook.view.board.InsertBoardController"></bean>
	<bean id="updateBoard" class="com.springbook.view.board.UpdateBoardController"></bean>
	<bean id="deleteBoard" class="com.springbook.view.board.DeleteBoardController"></bean>
	<bean id="logout" class="com.springbook.view.user.LogoutController"></bean>
	
	<!-- ViewResolver 등록 -->
	<bean id="viewResolver" class="org.springframework.web.servlet.view.InternalResourceViewResolver">
		<property name="prefix" value="/WEB-INF/board/"></property>
		<property name="suffix" value=".jsp"></property>
	</bean>
	
</beans>

<!--(이 주석 맨 위로 가면 에러임..ㅠ) action이라는 D/S서블릿에 필요한 bean객체들을 관리할 파일이다! -->
<!-- 여기가 SimpleUrlHandlerMapping임 -->