<?xml version="1.0" encoding="UTF-8"?><rss xmlns:dc="http://purl.org/dc/elements/1.1/" xmlns:content="http://purl.org/rss/1.0/modules/content/" xmlns:atom="http://www.w3.org/2005/Atom" version="2.0"><channel><title><![CDATA[Spring]]></title><description><![CDATA[Level up your Java code and explore what Spring can do for you.]]></description><link>https://spring.io</link><generator>GatsbyJS</generator><lastBuildDate>Thu, 16 May 2024 13:39:27 GMT</lastBuildDate><item><title><![CDATA[Spring Framework 6.2.0-M2 available now]]></title><link>https://spring.io/blog/2024/05/16/spring-framework-6-2-0-m2-available-now</link><guid isPermaLink="true">https://spring.io/blog/2024/05/16/spring-framework-6-2-0-m2-available-now</guid><dc:creator><![CDATA[Brian Clozel]]></dc:creator><pubDate>Thu, 16 May 2024 00:00:00 GMT</pubDate><content:encoded>&lt;p&gt;We are happy to announce the availability of the second milestone of Spring Framework 6.2.&lt;/p&gt;
&lt;p&gt;In case you missed it, we previously &lt;a href=&quot;https://spring.io/blog/2024/04/11/kicking-off-the-spring-framework-6-2-milestone-phase&quot;&gt;kicked off this milestone phase with 6.2.0-M1&lt;/a&gt; and talked about &lt;a href=&quot;https://spring.io/blog/2024/04/11/spring-framework-6-2-0-m1-all-the-little-things&quot;&gt;the &quot;little improvements&quot; we worked on&lt;/a&gt; and &lt;a href=&quot;https://spring.io/blog/2024/04/16/spring-framework-6-2-0-m1-overriding-beans-in-tests&quot;&gt;how bean overriding in tests has evolved&lt;/a&gt;.&lt;/p&gt;
&lt;p&gt;Spring Framework 6.2.0-M2 is available from &lt;a href=&quot;https://repo.spring.io/milestone&quot;&gt;repo.spring.io/milestone&lt;/a&gt; now, with &lt;a href=&quot;https://github.com/spring-projects/spring-framework/releases/tag/v6.2.0-M2&quot;&gt;over 30 improvements and new features&lt;/a&gt;.&lt;/p&gt;
&lt;h2 id=&quot;urlhandlerfilter-for-trailing-slash-match&quot; style=&quot;position:relative;&quot;&gt;&lt;a href=&quot;#urlhandlerfilter-for-trailing-slash-match&quot; aria-label=&quot;urlhandlerfilter for trailing slash match permalink&quot; class=&quot;anchor before&quot;&gt;&lt;svg aria-hidden=&quot;true&quot; focusable=&quot;false&quot; height=&quot;16&quot; version=&quot;1.1&quot; viewBox=&quot;0 0 16 16&quot; width=&quot;16&quot;&gt;&lt;path fill-rule=&quot;evenodd&quot; d=&quot;M4 9h1v1H4c-1.5 0-3-1.69-3-3.5S2.55 3 4 3h4c1.45 0 3 1.69 3 3.5 0 1.41-.91 2.72-2 3.25V8.59c.58-.45 1-1.27 1-2.09C10 5.22 8.98 4 8 4H4c-.98 0-2 1.22-2 2.5S3 9 4 9zm9-3h-1v1h1c1 0 2 1.22 2 2.5S13.98 12 13 12H9c-.98 0-2-1.22-2-2.5 0-.83.42-1.64 1-2.09V6.25c-1.09.53-2 1.84-2 3.25C6 11.31 7.55 13 9 13h4c1.45 0 3-1.69 3-3.5S14.5 6 13 6z&quot;&gt;&lt;/path&gt;&lt;/svg&gt;&lt;/a&gt;UrlHandlerFilter for trailing slash match&lt;/h2&gt;
&lt;p&gt;With the tailing slash match option being deprecated, the Spring community requested a way to gracefully handle this transition period in large applications. We have just introduced &lt;a href=&quot;https://github.com/spring-projects/spring-framework/issues/31366&quot;&gt;the new &lt;code&gt;UrlHandlerFilter&lt;/code&gt;&lt;/a&gt; for that.&lt;/p&gt;
&lt;p&gt;You can configure it to redirect requests to their no-trailing-slash URL equivalent:&lt;/p&gt;
&lt;pre&gt;&lt;code&gt;UrlHandlerFilter filter = UrlHandlerFilter.trimTrailingSlash(&quot;/path/*&quot;).andRedirect(HttpStatus.PERMANENT_REDIRECT).build();
&lt;/code&gt;&lt;/pre&gt;
&lt;p&gt;Or transparently handle those for HTTP clients, without any redirect:&lt;/p&gt;
&lt;pre&gt;&lt;code&gt;UrlHandlerFilter filter = UrlHandlerFilter.trimTrailingSlash(&quot;/path/*&quot;).andHandleRequest().build();
&lt;/code&gt;&lt;/pre&gt;
&lt;p&gt;&lt;code&gt;UrlHandlerFilter&lt;/code&gt; can be &lt;a href=&quot;https://docs.spring.io/spring-boot/reference/web/servlet.html#web.servlet.embedded-container.servlets-filters-listeners&quot;&gt;registered as any Servlet filter in your Spring Boot application&lt;/a&gt;.&lt;/p&gt;
&lt;p&gt;Our next milestone will ship the WebFlux equivalent of &lt;code&gt;UrlHandlerFilter&lt;/code&gt;, we are looking forward to hearing from the community about this highly requested feature.&lt;/p&gt;
&lt;h2 id=&quot;new-web-features&quot; style=&quot;position:relative;&quot;&gt;&lt;a href=&quot;#new-web-features&quot; aria-label=&quot;new web features permalink&quot; class=&quot;anchor before&quot;&gt;&lt;svg aria-hidden=&quot;true&quot; focusable=&quot;false&quot; height=&quot;16&quot; version=&quot;1.1&quot; viewBox=&quot;0 0 16 16&quot; width=&quot;16&quot;&gt;&lt;path fill-rule=&quot;evenodd&quot; d=&quot;M4 9h1v1H4c-1.5 0-3-1.69-3-3.5S2.55 3 4 3h4c1.45 0 3 1.69 3 3.5 0 1.41-.91 2.72-2 3.25V8.59c.58-.45 1-1.27 1-2.09C10 5.22 8.98 4 8 4H4c-.98 0-2 1.22-2 2.5S3 9 4 9zm9-3h-1v1h1c1 0 2 1.22 2 2.5S13.98 12 13 12H9c-.98 0-2-1.22-2-2.5 0-.83.42-1.64 1-2.09V6.25c-1.09.53-2 1.84-2 3.25C6 11.31 7.55 13 9 13h4c1.45 0 3-1.69 3-3.5S14.5 6 13 6z&quot;&gt;&lt;/path&gt;&lt;/svg&gt;&lt;/a&gt;New Web features&lt;/h2&gt;
&lt;p&gt;You can now &lt;a href=&quot;https://github.com/spring-projects/spring-framework/issues/30477&quot;&gt;test WebMvc.fn endpoints with &lt;code&gt;MockMvcWebTestClient&lt;/code&gt;&lt;/a&gt;, just as you could already for your annotated controllers.&lt;/p&gt;
&lt;p&gt;This milestone also introduces &lt;a href=&quot;https://github.com/spring-projects/spring-framework/issues/32513&quot;&gt;a new URL parser implementation&lt;/a&gt;, based on an algorithm provided in the Living URL standard. This significantly hardens our URL parsing infrastructure, &lt;a href=&quot;https://spring.io/security/cve-2024-22262&quot;&gt;in response of recent security reports&lt;/a&gt;.&lt;/p&gt;
&lt;p&gt;Have you tested already our new MockMvc AssertJ integration with &lt;code&gt;AssertableMockMvc&lt;/code&gt;? We recently &lt;a href=&quot;https://github.com/spring-projects/spring-framework/issues/32712&quot;&gt;renamed it to &lt;code&gt;MvcTester&lt;/code&gt; and reviewed the structure of assertions&lt;/a&gt;.&lt;/p&gt;
&lt;h2 id=&quot;62-features-recap&quot; style=&quot;position:relative;&quot;&gt;&lt;a href=&quot;#62-features-recap&quot; aria-label=&quot;62 features recap permalink&quot; class=&quot;anchor before&quot;&gt;&lt;svg aria-hidden=&quot;true&quot; focusable=&quot;false&quot; height=&quot;16&quot; version=&quot;1.1&quot; viewBox=&quot;0 0 16 16&quot; width=&quot;16&quot;&gt;&lt;path fill-rule=&quot;evenodd&quot; d=&quot;M4 9h1v1H4c-1.5 0-3-1.69-3-3.5S2.55 3 4 3h4c1.45 0 3 1.69 3 3.5 0 1.41-.91 2.72-2 3.25V8.59c.58-.45 1-1.27 1-2.09C10 5.22 8.98 4 8 4H4c-.98 0-2 1.22-2 2.5S3 9 4 9zm9-3h-1v1h1c1 0 2 1.22 2 2.5S13.98 12 13 12H9c-.98 0-2-1.22-2-2.5 0-.83.42-1.64 1-2.09V6.25c-1.09.53-2 1.84-2 3.25C6 11.31 7.55 13 9 13h4c1.45 0 3-1.69 3-3.5S14.5 6 13 6z&quot;&gt;&lt;/path&gt;&lt;/svg&gt;&lt;/a&gt;6.2 features recap&lt;/h2&gt;
&lt;p&gt;Check out our &lt;a href=&quot;https://github.com/spring-projects/spring-framework/wiki/What&amp;#x27;s-New-in-Spring-Framework-6.x#whats-new-in-version-62&quot;&gt;What&apos;s New page&lt;/a&gt; for details about the new features available at this point.&lt;/p&gt;</content:encoded></item><item><title><![CDATA[A Bootiful Podcast: Oleg ?elajev, Docker and Testcontainers legend]]></title><link>https://spring.io/blog/2024/05/16/a-bootiful-podcast-oleg-selajev-docker-and-testcontainers-legend</link><guid isPermaLink="true">https://spring.io/blog/2024/05/16/a-bootiful-podcast-oleg-selajev-docker-and-testcontainers-legend</guid><dc:creator><![CDATA[Josh Long]]></dc:creator><pubDate>Thu, 16 May 2024 00:00:00 GMT</pubDate><content:encoded>&lt;p&gt;Hi, Spring and Testcontainers fans! In this interview, I talk to Oleg ?elajev&lt;/p&gt;
&lt;iframe title=&quot;Oleg ?elajev, Docker and Testcontainers legend&quot; allowtransparency=&quot;true&quot; height=&quot;150&quot; width=&quot;100%&quot; style=&quot;border: none; min-width: min(100%, 430px);height:150px;&quot; scrolling=&quot;no&quot; data-name=&quot;pb-iframe-player&quot; src=&quot;https://www.podbean.com/player-v2/?i=aujtm-1613a65-pb&amp;from=pb6admin&amp;share=1&amp;download=1&amp;rtl=0&amp;fonts=Arial&amp;skin=1&amp;font-color=&amp;logo_link=episode_page&amp;btn-skin=7&quot; loading=&quot;lazy&quot;&gt;&lt;/iframe&gt;</content:encoded></item><item><title><![CDATA[Spring Framework 6.1.7, 6.0.20 and 5.3.35 available now]]></title><link>https://spring.io/blog/2024/05/16/spring-framework-6-1-7-6-0-20-and-5-3-35-available-now</link><guid isPermaLink="true">https://spring.io/blog/2024/05/16/spring-framework-6-1-7-6-0-20-and-5-3-35-available-now</guid><dc:creator><![CDATA[Brian Clozel]]></dc:creator><pubDate>Thu, 16 May 2024 00:00:00 GMT</pubDate><content:encoded>&lt;p&gt;On behalf of the team and everyone who has contributed, I am pleased to announce that Spring Framework &lt;code&gt;6.1.7&lt;/code&gt;, &lt;code&gt;6.0.20&lt;/code&gt; and &lt;code&gt;5.3.35&lt;/code&gt; are available now:&lt;/p&gt;
&lt;ul&gt;
&lt;li&gt;Spring Framework &lt;code&gt;6.1.7&lt;/code&gt; ships with &lt;a href=&quot;https://github.com/spring-projects/spring-framework/releases/tag/v6.1.7&quot;&gt;54 fixes and documentation improvements&lt;/a&gt;. This version will be shipped with &lt;a href=&quot;https://github.com/spring-projects/spring-boot/milestone/342&quot;&gt;Spring Boot 3.2.6&lt;/a&gt;, to be released next week.&lt;/li&gt;
&lt;li&gt;Spring Framework &lt;code&gt;6.0.20&lt;/code&gt; ships with &lt;a href=&quot;https://github.com/spring-projects/spring-framework/releases/tag/v6.0.20&quot;&gt;20 fixes and documentation improvements&lt;/a&gt;. This version will be shipped with &lt;a href=&quot;https://github.com/spring-projects/spring-boot/milestone/341&quot;&gt;Spring Boot 3.1.12&lt;/a&gt;, to be released next week.&lt;/li&gt;
&lt;li&gt;Spring Framework &lt;code&gt;5.3.35&lt;/code&gt; ships with &lt;a href=&quot;https://github.com/spring-projects/spring-framework/releases/tag/v5.3.35&quot;&gt;12 fixes and documentation improvements&lt;/a&gt;.&lt;/li&gt;
&lt;/ul&gt;
&lt;p&gt;&lt;a href=&quot;https://spring.io/projects/spring-framework/&quot;&gt;Project Page&lt;/a&gt; | &lt;a href=&quot;https://github.com/spring-projects/spring-framework&quot;&gt;GitHub&lt;/a&gt; | &lt;a href=&quot;https://github.com/spring-projects/spring-framework/issues&quot;&gt;Issues&lt;/a&gt; | &lt;a href=&quot;https://docs.spring.io/spring-framework/reference/&quot;&gt;Documentation&lt;/a&gt;&lt;/p&gt;</content:encoded></item><item><title><![CDATA[This Week in Spring - May 14th, 2024]]></title><link>https://spring.io/blog/2024/05/14/this-week-in-spring-may-14th-2024</link><guid isPermaLink="true">https://spring.io/blog/2024/05/14/this-week-in-spring-may-14th-2024</guid><dc:creator><![CDATA[Josh Long]]></dc:creator><pubDate>Tue, 14 May 2024 00:00:00 GMT</pubDate><content:encoded>&lt;p&gt;Hi, Spring fans! Welcome to another installment of &lt;em&gt;This Week in Spring&lt;/em&gt;!&lt;/p&gt;
&lt;p&gt;This week&apos;s highlights in the Spring ecosystem emphasize the ongoing advancements and applications of Spring AI. The discussions range from exploring the impressive &lt;code&gt;VectorStore&lt;/code&gt; abstraction and enhanced structured output support to practical integrations with platforms like Azure OpenAI and Neo4J. There are &lt;em&gt;several&lt;/em&gt; posts this week about how  Spring AI can power intelligent applications. The celebration of Spring Boot&apos;s 10th anniversary with its cofounders and a historical reflection by Spring founder Rod Johnson further underscore the community&apos;s enduring innovation and commitment to evolving with cutting-edge technologies. Basically, this week seems like a celebration of where we&apos;ve been and a discussion of where we&apos;re going.&lt;/p&gt;
&lt;p&gt;A huge part of that future is AI. Did you see that OpenAI just announced &lt;em&gt;their&lt;/em&gt; &lt;em&gt;Spring Update&lt;/em&gt;? It&apos;s not the same as &lt;em&gt;this&lt;/em&gt; Spring update! Theirs has more whizbang demos, but this one has more spelling errors. We are the same. And theirs also includes news of GPT4o. It&apos;s phenomenal, and sees ChatGPT&apos;s day-to-day integration opportunities catch up with (and maybe leapfrog?) multimodal systems like Google&apos;s Gemini.&lt;/p&gt;
&lt;p&gt;My hunch? AI is going to be &lt;em&gt;everywhere&lt;/em&gt; - even more than it already is! - before too long. Are you ready? Is your application ready? There are amazing opportunities here, and Spring AI is an amazing tool for AI engineering to help you to integrate production-worthy AI features into your application.&lt;/p&gt;
&lt;p&gt;There&apos;s a lot to cover, so let&apos;s dive in!&lt;/p&gt;
&lt;ul&gt;
&lt;li&gt;On last week&apos;s &lt;em&gt;A Bootiful Podcast&lt;/em&gt;, I talked to Spring Boot cofounders &lt;a href=&quot;https://spring.io/blog/2024/05/09/a-bootiful-podcast-spring-boot-cofounders-phil-webb-and-dr-david-syer-on-the&quot;&gt;Phil Webb and Dr. David Syer&lt;/a&gt; on the occasion of the 10th anniversary of Spring Boot.&lt;/li&gt;
&lt;li&gt;In last week&apos;s installment of &lt;em&gt;Spring Tips&lt;/em&gt;, I explored Spring AI&apos;s impressive &lt;a href=&quot;https://spring.io/blog/2024/05/07/spring-tips-vector-databases-with-spring-ai&quot;&gt;&lt;code&gt;VectorStore&lt;/code&gt; abstraction&lt;/a&gt;.&lt;/li&gt;
&lt;li&gt;Speaking of Spring AI, they have just enhanced &lt;a href=&quot;https://spring.io/blog/2024/05/09/spring-ai-structured-output&quot;&gt;support for structured output&lt;/a&gt;.&lt;/li&gt;
&lt;li&gt;Spring AI founder Dr. Mark Pollack and Microsoft&apos;s Asir Selvasingh discuss &lt;a href=&quot;https://www.youtube.com/watch?v=yfNTmDUKz-Y&quot;&gt;Spring AI and Azure OpenAI in this fantastic webinar&lt;/a&gt;.&lt;/li&gt;
&lt;li&gt;Check out this insightful blog on &lt;a href=&quot;https://www.makariev.com/blog/enhance-observability-spring-boot-microservices-with-micrometer-open-telemetry-and-spring-modulith-starter-insight/&quot;&gt;modulith observability with OpenTelemetry and the incredible Spring Modulith starter&lt;/a&gt;.&lt;/li&gt;
&lt;li&gt;Broadcom leader Ryan Morgan gave a fascinating interview on theCUBE, discussing, &lt;a href=&quot;https://twitter.com/theCUBE/status/1785428917689700824?s=12&amp;#x26;t=n-UflcIbnx1lage-TBk0Cg&quot;&gt;among other things, the exciting Spring AI project&lt;/a&gt;.&lt;/li&gt;
&lt;li&gt;Microsoft&apos;s Brian Benz delivered a &lt;a href=&quot;https://www.youtube.com/watch?v=fINPjJIsrvE&quot;&gt;great talk on Spring AI at the epic GIDS conference&lt;/a&gt;.&lt;/li&gt;
&lt;li&gt;Here&apos;s a &lt;a href=&quot;https://medium.com/@rajt7258/building-intelligent-applications-with-spring-ai-39c114ed4a24&quot;&gt;nice blog introducing the concepts in Spring AI&lt;/a&gt;.&lt;/li&gt;
&lt;li&gt;Remember, not all LLMs are hosted! There are many models, optimized for various purposes, available through hubs like Ollama and HuggingFace. You &lt;a href=&quot;https://dev.to/daasrattale/blossoming-intelligence-how-to-run-spring-ai-locally-with-ollama-1k70&quot;&gt;can use them all with Spring AI&lt;/a&gt;. This blog explains how.&lt;/li&gt;
&lt;li&gt;Neo4J Developer Advocate Jennifer Reif has an excellent blog on using &lt;a href=&quot;https://foojay.io/today/spring-ai-how-to-write-genai-applications-with-java/&quot;&gt;Spring AI and Neo4J (also a fantastic vector database) together&lt;/a&gt;.&lt;/li&gt;
&lt;li&gt;Spring founder Rod Johnson gave a fascinating interview about the &lt;a href=&quot;https://www.emilyomier.com/podcast/aligning-with-user-needs-with-rod-johnson&quot;&gt;history of Spring and SpringSource&lt;/a&gt; in this engaging podcast.&lt;/li&gt;
&lt;/ul&gt;</content:encoded></item><item><title><![CDATA[A Bootiful Podcast: Spring Boot cofounders Phil Webb and Dr. David Syer on the occasion of the 10th Anniversary of Spring Boot 1.0]]></title><link>https://spring.io/blog/2024/05/09/a-bootiful-podcast-spring-boot-cofounders-phil-webb-and-dr-david-syer-on-the</link><guid isPermaLink="true">https://spring.io/blog/2024/05/09/a-bootiful-podcast-spring-boot-cofounders-phil-webb-and-dr-david-syer-on-the</guid><dc:creator><![CDATA[Josh Long]]></dc:creator><pubDate>Thu, 09 May 2024 00:00:00 GMT</pubDate><content:encoded>&lt;p&gt;Hi, Spring fans! In this installment I talk to cofounders Phil Webb and Dr. David Syer, on the occassion of the 10th Anniversary of Spring Boot&lt;/p&gt;
&lt;iframe title=&quot;cofounders Dr. David Syer and Phil Webb, on the occassion of the 10th Anniversary of Spring Boot&quot; allowtransparency=&quot;true&quot; height=&quot;300&quot; width=&quot;100%&quot; style=&quot;border: none; min-width: min(100%, 430px);height:300px;&quot; scrolling=&quot;no&quot; data-name=&quot;pb-iframe-player&quot; src=&quot;https://www.podbean.com/player-v2/?from=embed&amp;i=zpigf-160b4ba-pb&amp;square=1&amp;share=1&amp;download=1&amp;fonts=Arial&amp;skin=1&amp;font-color=&amp;rtl=0&amp;logo_link=&amp;btn-skin=7&amp;size=300&quot; loading=&quot;lazy&quot; allowfullscreen=&quot;&quot;&gt;&lt;/iframe&gt;</content:encoded></item><item><title><![CDATA[Spring AI - Structured Output]]></title><link>https://spring.io/blog/2024/05/09/spring-ai-structured-output</link><guid isPermaLink="true">https://spring.io/blog/2024/05/09/spring-ai-structured-output</guid><dc:creator><![CDATA[Christian Tzolov]]></dc:creator><pubDate>Thu, 09 May 2024 00:00:00 GMT</pubDate><content:encoded>&lt;blockquote&gt;
&lt;p&gt;Science works with chunks and bits and pieces of things with the continuity presumed, and Art works only with the continuities of things with the chunks and bits and pieces presumed. - Robert M. Pirsig&lt;/p&gt;
&lt;/blockquote&gt;
&lt;p&gt;The ability of LLMs to produce structured outputs is important for downstream applications that rely on reliably parsing output values.
Developers want to quickly turn results from an AI model into data types, such as JSON, XML or Java Classes, that can be passed to other functions and methods in their applications.&lt;/p&gt;
&lt;p&gt;The Spring AI &lt;code&gt;Structured Output Converters&lt;/code&gt; help to convert the LLM output into a structured format.
As shown in the following diagram, this approach operates around the LLM text completion endpoint:&lt;/p&gt;
&lt;p&gt;&lt;img src=&quot;//images.ctfassets.net/mnrwi97vnhts/22D9qOocbWF44hsog34Zcy/9805ce83dc51fe88ec4eb830cf804792/structured-output-architecture.jpg&quot; alt=&quot;structured-output-architecture&quot;&gt;&lt;/p&gt;
&lt;p&gt;Generating structured outputs from Large Language Models (LLMs) using generic completion APIs requires careful handling of inputs and outputs. The structured output converter plays a crucial role both before and after the LLM call, ensuring that the desired output structure is achieved.&lt;/p&gt;
&lt;p&gt;Prior to the LLM call, the converter appends format instructions to the prompt, providing explicit guidance to the models on generating the desired output structure. These instructions act as a blueprint, shaping the model&apos;s response to conform to the specified format.&lt;/p&gt;
&lt;p&gt;Subsequent to the LLM call, the converter takes the model&apos;s output text and transforms it into instances of the structured type. This conversion process involves parsing the raw text output and mapping it to the corresponding structured data representation, such as JSON, XML, or domain-specific data structures.&lt;/p&gt;
&lt;p&gt;Note that the AI Model is not guaranteed to return the structured output as requested.
It may not understand the prompt or may not be able to generate the structured output as requested.&lt;/p&gt;
&lt;hr&gt;
&lt;p&gt;&lt;strong&gt;TIP:&lt;/strong&gt; If you&apos;re not keen on delving into the details of the API, feel free to skip the next paragraph and jump straight to the &lt;a href=&quot;#using-converters&quot;&gt;Using Converters&lt;/a&gt; section.&lt;/p&gt;
&lt;hr&gt;
&lt;h1 id=&quot;1-structured-output-api&quot; style=&quot;position:relative;&quot;&gt;&lt;a href=&quot;#1-structured-output-api&quot; aria-label=&quot;1 structured output api permalink&quot; class=&quot;anchor before&quot;&gt;&lt;svg aria-hidden=&quot;true&quot; focusable=&quot;false&quot; height=&quot;16&quot; version=&quot;1.1&quot; viewBox=&quot;0 0 16 16&quot; width=&quot;16&quot;&gt;&lt;path fill-rule=&quot;evenodd&quot; d=&quot;M4 9h1v1H4c-1.5 0-3-1.69-3-3.5S2.55 3 4 3h4c1.45 0 3 1.69 3 3.5 0 1.41-.91 2.72-2 3.25V8.59c.58-.45 1-1.27 1-2.09C10 5.22 8.98 4 8 4H4c-.98 0-2 1.22-2 2.5S3 9 4 9zm9-3h-1v1h1c1 0 2 1.22 2 2.5S13.98 12 13 12H9c-.98 0-2-1.22-2-2.5 0-.83.42-1.64 1-2.09V6.25c-1.09.53-2 1.84-2 3.25C6 11.31 7.55 13 9 13h4c1.45 0 3-1.69 3-3.5S14.5 6 13 6z&quot;&gt;&lt;/path&gt;&lt;/svg&gt;&lt;/a&gt;1. Structured Output API&lt;/h1&gt;
&lt;p&gt;The &lt;code&gt;StructuredOutputConverter&lt;/code&gt; interface is defined as:&lt;/p&gt;
&lt;pre&gt;&lt;code&gt;public interface StructuredOutputConverter&amp;#x3C;T&gt; extends Converter&amp;#x3C;String, T&gt;, FormatProvider {
}
&lt;/code&gt;&lt;/pre&gt;
&lt;p&gt;Parametrised with the target structured type &lt;code&gt;T&lt;/code&gt;, it combines the Spring &lt;a href=&quot;https://docs.spring.io/spring-framework/docs/current/javadoc-api/org/springframework/core/convert/converter/Converter.html&quot;&gt;Converter&amp;#x3C;String, T&gt;&lt;/a&gt; interface and the &lt;code&gt;FormatProvider&lt;/code&gt; interface:&lt;/p&gt;
&lt;pre&gt;&lt;code&gt;public interface FormatProvider {
	String getFormat();
}
&lt;/code&gt;&lt;/pre&gt;
&lt;p&gt;The diagram below illustrates the data flow through the structured output API components.&lt;/p&gt;
&lt;p&gt;&lt;img src=&quot;//images.ctfassets.net/mnrwi97vnhts/8lymvmvoFOrlTdtw6Pr8d/576cee2e4c1abcc962e98a4755fd5747/structured-output-api.jpg&quot; alt=&quot;structured-output-api&quot;&gt;&lt;/p&gt;
&lt;p&gt;The &lt;code&gt;FormatProvider&lt;/code&gt; provides text instructions for the AI Model to format the generated text output so that it can be parsed into the target type &lt;code&gt;T&lt;/code&gt; by the &lt;code&gt;Converter&lt;/code&gt;.
An example format could like this:&lt;/p&gt;
&lt;pre&gt;&lt;code&gt;  Your response should be in JSON format.
  The data structure for the JSON should match this Java class: java.util.HashMap
  Do not include any explanations, only provide a RFC8259 compliant JSON response following this format without deviation.
&lt;/code&gt;&lt;/pre&gt;
&lt;p&gt;The format instructions are most often appended to the end of the user input using the &lt;a href=&quot;https://docs.spring.io/spring-ai/reference/1.0-SNAPSHOT/api/prompt.html#_prompttemplate&quot;&gt;PromptTemplate&lt;/a&gt; like this:&lt;/p&gt;
&lt;pre&gt;&lt;code&gt;StructuredOutputConverter outputConverter = ...
String userInputTemplate = &quot;&quot;&quot; 
    ... user text input ....
    {format}
    &quot;&quot;&quot;; // user input with a &quot;format&quot; placeholder.
Prompt prompt = new Prompt(
   new PromptTemplate(
      userInputTemplate, 
      Map.of(..., &quot;format&quot;, outputConverter.getFormat()) // replace the &quot;format&quot; placeholder with the converter&apos;s format.
   ).createMessage());
&lt;/code&gt;&lt;/pre&gt;
&lt;p&gt;The &lt;code&gt;Converter&amp;#x3C;String, T&gt;&lt;/code&gt; is responsible for converting the model output text into instances of the target &lt;code&gt;T&lt;/code&gt; type.&lt;/p&gt;
&lt;h2 id=&quot;available-output-converters&quot; style=&quot;position:relative;&quot;&gt;&lt;a href=&quot;#available-output-converters&quot; aria-label=&quot;available output converters permalink&quot; class=&quot;anchor before&quot;&gt;&lt;svg aria-hidden=&quot;true&quot; focusable=&quot;false&quot; height=&quot;16&quot; version=&quot;1.1&quot; viewBox=&quot;0 0 16 16&quot; width=&quot;16&quot;&gt;&lt;path fill-rule=&quot;evenodd&quot; d=&quot;M4 9h1v1H4c-1.5 0-3-1.69-3-3.5S2.55 3 4 3h4c1.45 0 3 1.69 3 3.5 0 1.41-.91 2.72-2 3.25V8.59c.58-.45 1-1.27 1-2.09C10 5.22 8.98 4 8 4H4c-.98 0-2 1.22-2 2.5S3 9 4 9zm9-3h-1v1h1c1 0 2 1.22 2 2.5S13.98 12 13 12H9c-.98 0-2-1.22-2-2.5 0-.83.42-1.64 1-2.09V6.25c-1.09.53-2 1.84-2 3.25C6 11.31 7.55 13 9 13h4c1.45 0 3-1.69 3-3.5S14.5 6 13 6z&quot;&gt;&lt;/path&gt;&lt;/svg&gt;&lt;/a&gt;Available Output Converters&lt;/h2&gt;
&lt;p&gt;Currently, Spring AI provides &lt;code&gt;AbstractConversionServiceOutputConverter&lt;/code&gt;, &lt;code&gt;AbstractMessageOutputConverter&lt;/code&gt;, &lt;code&gt;BeanOutputConverter&lt;/code&gt;, &lt;code&gt;MapOutputConverter&lt;/code&gt; and &lt;code&gt;ListOutputConverter&lt;/code&gt; implementations:&lt;/p&gt;
&lt;p&gt;&lt;img src=&quot;//images.ctfassets.net/mnrwi97vnhts/L9hj0Q4mXkN4o1N6mgCZo/93f4cc9a0d08ae9b936f8b1488b76f00/structured-output-hierarchy6.jpg&quot; alt=&quot;structured-output-hierarchy6&quot;&gt;&lt;/p&gt;
&lt;ul&gt;
&lt;li&gt;&lt;code&gt;AbstractConversionServiceOutputConverter&amp;#x3C;T&gt;&lt;/code&gt; - Offers a pre-configured &lt;a href=&quot;https://docs.spring.io/spring-framework/docs/current/javadoc-api/org/springframework/core/convert/support/GenericConversionService.html&quot;&gt;GenericConversionService&lt;/a&gt; for transforming LLM output into the desired format. No default &lt;code&gt;FormatProvider&lt;/code&gt; implementation is provided.&lt;/li&gt;
&lt;li&gt;&lt;code&gt;AbstractMessageOutputConverter&lt;/code&gt; - Supplies a pre-configured &lt;a href=&quot;https://docs.spring.io/spring-framework/docs/current/javadoc-api/org/springframework/jms/support/converter/MessageConverter.html&quot;&gt;MessageConverter&lt;/a&gt; for converting LLM output into the desired format. No default &lt;code&gt;FormatProvider&lt;/code&gt; implementation is provided.&lt;/li&gt;
&lt;li&gt;&lt;a href=&quot;#bean-output-converter&quot;&gt;BeanOutputConverter&lt;/a&gt; - Configured with a designated Java class (e.g., Bean), this converter employs a &lt;code&gt;FormatProvider&lt;/code&gt; implementation that directs the AI Model to produce a JSON response compliant with a &lt;code&gt;DRAFT_2020_12&lt;/code&gt;, &lt;code&gt;JSON Schema&lt;/code&gt; derived from the specified Java class. Subsequently, it utilizes an &lt;code&gt;ObjectMapper&lt;/code&gt; to deserialize the JSON output into a Java object instance of the target class.&lt;/li&gt;
&lt;li&gt;&lt;a href=&quot;#map-output-converter&quot;&gt;MapOutputConverter&lt;/a&gt; Extends the functionality of &lt;code&gt;AbstractMessageOutputConverter&lt;/code&gt; with a &lt;code&gt;FormatProvider&lt;/code&gt; implementation that guides the AI Model to generate an RFC8259 compliant JSON response. Additionally, it incorporates a converter implementation that utilizes the provided &lt;code&gt;MessageConverter&lt;/code&gt; to translate the JSON payload into a &lt;code&gt;java.util.Map&amp;#x3C;String, Object&gt;&lt;/code&gt; instance.&lt;/li&gt;
&lt;li&gt;&lt;a href=&quot;#list-output-converter&quot;&gt;ListOutputConverter&lt;/a&gt; Extends the  &lt;code&gt;AbstractConversionServiceOutputConverter&lt;/code&gt; and includes a &lt;code&gt;FormatProvider&lt;/code&gt; implementation tailored for comma-delimited list output. The converter implementation employs the provided &lt;code&gt;ConversionService&lt;/code&gt; to transform the model text output into a &lt;code&gt;java.util.List&lt;/code&gt;.&lt;/li&gt;
&lt;/ul&gt;
&lt;h1 id=&quot;a-nameusing-converters2-using-convertersa&quot; style=&quot;position:relative;&quot;&gt;&lt;a href=&quot;#a-nameusing-converters2-using-convertersa&quot; aria-label=&quot;a nameusing converters2 using convertersa permalink&quot; class=&quot;anchor before&quot;&gt;&lt;svg aria-hidden=&quot;true&quot; focusable=&quot;false&quot; height=&quot;16&quot; version=&quot;1.1&quot; viewBox=&quot;0 0 16 16&quot; width=&quot;16&quot;&gt;&lt;path fill-rule=&quot;evenodd&quot; d=&quot;M4 9h1v1H4c-1.5 0-3-1.69-3-3.5S2.55 3 4 3h4c1.45 0 3 1.69 3 3.5 0 1.41-.91 2.72-2 3.25V8.59c.58-.45 1-1.27 1-2.09C10 5.22 8.98 4 8 4H4c-.98 0-2 1.22-2 2.5S3 9 4 9zm9-3h-1v1h1c1 0 2 1.22 2 2.5S13.98 12 13 12H9c-.98 0-2-1.22-2-2.5 0-.83.42-1.64 1-2.09V6.25c-1.09.53-2 1.84-2 3.25C6 11.31 7.55 13 9 13h4c1.45 0 3-1.69 3-3.5S14.5 6 13 6z&quot;&gt;&lt;/path&gt;&lt;/svg&gt;&lt;/a&gt;&lt;a name=&quot;using-converters&quot;&gt;2. Using Converters&lt;/a&gt;&lt;/h1&gt;
&lt;p&gt;The subsequent sections offer detailed guidance on utilizing the available converters to produce structured outputs.
The source code is available in the &lt;a href=&quot;https://github.com/tzolov/spring-ai-structured-output-demo&quot;&gt;spring-ai-structured-output-demo&lt;/a&gt; repository.&lt;/p&gt;
&lt;h2 id=&quot;a-namebean-output-converterbean-output-convertera&quot; style=&quot;position:relative;&quot;&gt;&lt;a href=&quot;#a-namebean-output-converterbean-output-convertera&quot; aria-label=&quot;a namebean output converterbean output convertera permalink&quot; class=&quot;anchor before&quot;&gt;&lt;svg aria-hidden=&quot;true&quot; focusable=&quot;false&quot; height=&quot;16&quot; version=&quot;1.1&quot; viewBox=&quot;0 0 16 16&quot; width=&quot;16&quot;&gt;&lt;path fill-rule=&quot;evenodd&quot; d=&quot;M4 9h1v1H4c-1.5 0-3-1.69-3-3.5S2.55 3 4 3h4c1.45 0 3 1.69 3 3.5 0 1.41-.91 2.72-2 3.25V8.59c.58-.45 1-1.27 1-2.09C10 5.22 8.98 4 8 4H4c-.98 0-2 1.22-2 2.5S3 9 4 9zm9-3h-1v1h1c1 0 2 1.22 2 2.5S13.98 12 13 12H9c-.98 0-2-1.22-2-2.5 0-.83.42-1.64 1-2.09V6.25c-1.09.53-2 1.84-2 3.25C6 11.31 7.55 13 9 13h4c1.45 0 3-1.69 3-3.5S14.5 6 13 6z&quot;&gt;&lt;/path&gt;&lt;/svg&gt;&lt;/a&gt;&lt;a name=&quot;bean-output-converter&quot;&gt;Bean Output Converter&lt;/a&gt;&lt;/h2&gt;
&lt;p&gt;Following example shows how to use &lt;code&gt;BeanOutputConverter&lt;/code&gt; to generate the filmography for an actor.&lt;/p&gt;
&lt;p&gt;The target record representing actor&apos;s filmography:&lt;/p&gt;
&lt;pre&gt;&lt;code&gt;record ActorsFilms(String actor, List&amp;#x3C;String&gt; movies) {
}
&lt;/code&gt;&lt;/pre&gt;
&lt;p&gt;Here is how to apply the BeanOutputConverter:&lt;/p&gt;
&lt;pre&gt;&lt;code&gt;String userInputTemplate = &quot;&quot;&quot;
   Generate the filmography of 5 movies for {actor}.
   {format}
   &quot;&quot;&quot;;

BeanOutputConverter&amp;#x3C;ActorsFilms&gt; beanOutputConverter = new BeanOutputConverter&amp;#x3C;&gt;(ActorsFilms.class);

String format = beanOutputConverter.getFormat();

String actor = &quot;Tom Hanks&quot;;

Prompt prompt = new Prompt(
   new PromptTemplate(userInputTemplate, Map.of(&quot;actor&quot;, actor, &quot;format&quot;, format)).createMessage());

Generation generation = chatClient.call(prompt).getResult();

ActorsFilms actorsFilms = beanOutputConverter.convert(generation.getOutput().getContent());
&lt;/code&gt;&lt;/pre&gt;
&lt;h2 id=&quot;a-namemap-output-convertermap-output-convertera&quot; style=&quot;position:relative;&quot;&gt;&lt;a href=&quot;#a-namemap-output-convertermap-output-convertera&quot; aria-label=&quot;a namemap output convertermap output convertera permalink&quot; class=&quot;anchor before&quot;&gt;&lt;svg aria-hidden=&quot;true&quot; focusable=&quot;false&quot; height=&quot;16&quot; version=&quot;1.1&quot; viewBox=&quot;0 0 16 16&quot; width=&quot;16&quot;&gt;&lt;path fill-rule=&quot;evenodd&quot; d=&quot;M4 9h1v1H4c-1.5 0-3-1.69-3-3.5S2.55 3 4 3h4c1.45 0 3 1.69 3 3.5 0 1.41-.91 2.72-2 3.25V8.59c.58-.45 1-1.27 1-2.09C10 5.22 8.98 4 8 4H4c-.98 0-2 1.22-2 2.5S3 9 4 9zm9-3h-1v1h1c1 0 2 1.22 2 2.5S13.98 12 13 12H9c-.98 0-2-1.22-2-2.5 0-.83.42-1.64 1-2.09V6.25c-1.09.53-2 1.84-2 3.25C6 11.31 7.55 13 9 13h4c1.45 0 3-1.69 3-3.5S14.5 6 13 6z&quot;&gt;&lt;/path&gt;&lt;/svg&gt;&lt;/a&gt;&lt;a name=&quot;map-output-converter&quot;&gt;Map Output Converter&lt;/a&gt;&lt;/h2&gt;
&lt;p&gt;Following sniped shows how to use &lt;code&gt;MapOutputConverter&lt;/code&gt; to generate a list of numbers.&lt;/p&gt;
&lt;pre&gt;&lt;code&gt;MapOutputConverter mapOutputConverter = new MapOutputConverter();

String format = mapOutputConverter.getFormat();

String userInputTemplate = &quot;&quot;&quot;
   Provide me a List of {subject}
   {format}
   &quot;&quot;&quot;;

PromptTemplate promptTemplate = new PromptTemplate(userInputTemplate,
   Map.of(&quot;subject&quot;, &quot;an array of numbers from 1 to 9 under they key name &apos;numbers&apos;&quot;, &quot;format&quot;, format));
Prompt prompt = new Prompt(promptTemplate.createMessage());

Generation generation = chatClient.call(prompt).getResult();

Map&amp;#x3C;String, Object&gt; result = mapOutputConverter.convert(generation.getOutput().getContent());
&lt;/code&gt;&lt;/pre&gt;
&lt;h2 id=&quot;a-namelist-output-converterlist-output-convertera&quot; style=&quot;position:relative;&quot;&gt;&lt;a href=&quot;#a-namelist-output-converterlist-output-convertera&quot; aria-label=&quot;a namelist output converterlist output convertera permalink&quot; class=&quot;anchor before&quot;&gt;&lt;svg aria-hidden=&quot;true&quot; focusable=&quot;false&quot; height=&quot;16&quot; version=&quot;1.1&quot; viewBox=&quot;0 0 16 16&quot; width=&quot;16&quot;&gt;&lt;path fill-rule=&quot;evenodd&quot; d=&quot;M4 9h1v1H4c-1.5 0-3-1.69-3-3.5S2.55 3 4 3h4c1.45 0 3 1.69 3 3.5 0 1.41-.91 2.72-2 3.25V8.59c.58-.45 1-1.27 1-2.09C10 5.22 8.98 4 8 4H4c-.98 0-2 1.22-2 2.5S3 9 4 9zm9-3h-1v1h1c1 0 2 1.22 2 2.5S13.98 12 13 12H9c-.98 0-2-1.22-2-2.5 0-.83.42-1.64 1-2.09V6.25c-1.09.53-2 1.84-2 3.25C6 11.31 7.55 13 9 13h4c1.45 0 3-1.69 3-3.5S14.5 6 13 6z&quot;&gt;&lt;/path&gt;&lt;/svg&gt;&lt;/a&gt;&lt;a name=&quot;list-output-converter&quot;&gt;List Output Converter&lt;/a&gt;&lt;/h2&gt;
&lt;p&gt;Following snippet shows how to use &lt;code&gt;ListOutputConverter&lt;/code&gt; to generate a list of ice cream flavours.&lt;/p&gt;
&lt;pre&gt;&lt;code&gt;ListOutputConverter listOutputConverter = new ListOutputConverter(new DefaultConversionService());

String format = listOutputConverter.getFormat();

String userInputTemplate = &quot;&quot;&quot;
   List five {subject}
   {format}
   &quot;&quot;&quot;;

PromptTemplate promptTemplate = new PromptTemplate(userInputTemplate,         
     Map.of(&quot;subject&quot;, &quot;ice cream flavors&quot;, &quot;format&quot;, format));
Prompt prompt = new Prompt(promptTemplate.createMessage());

Generation generation = this.chatClient.call(prompt).getResult();

List&amp;#x3C;String&gt; list = listOutputConverter.convert(generation.getOutput().getContent());
&lt;/code&gt;&lt;/pre&gt;
&lt;h1 id=&quot;3-references&quot; style=&quot;position:relative;&quot;&gt;&lt;a href=&quot;#3-references&quot; aria-label=&quot;3 references permalink&quot; class=&quot;anchor before&quot;&gt;&lt;svg aria-hidden=&quot;true&quot; focusable=&quot;false&quot; height=&quot;16&quot; version=&quot;1.1&quot; viewBox=&quot;0 0 16 16&quot; width=&quot;16&quot;&gt;&lt;path fill-rule=&quot;evenodd&quot; d=&quot;M4 9h1v1H4c-1.5 0-3-1.69-3-3.5S2.55 3 4 3h4c1.45 0 3 1.69 3 3.5 0 1.41-.91 2.72-2 3.25V8.59c.58-.45 1-1.27 1-2.09C10 5.22 8.98 4 8 4H4c-.98 0-2 1.22-2 2.5S3 9 4 9zm9-3h-1v1h1c1 0 2 1.22 2 2.5S13.98 12 13 12H9c-.98 0-2-1.22-2-2.5 0-.83.42-1.64 1-2.09V6.25c-1.09.53-2 1.84-2 3.25C6 11.31 7.55 13 9 13h4c1.45 0 3-1.69 3-3.5S14.5 6 13 6z&quot;&gt;&lt;/path&gt;&lt;/svg&gt;&lt;/a&gt;3. References&lt;/h1&gt;
&lt;ul&gt;
&lt;li&gt;For further information please consult the Spring AI &lt;a href=&quot;https://docs.spring.io/spring-ai/reference/1.0-SNAPSHOT/api/structured-output-converter.html&quot;&gt;Structured Output Converter&lt;/a&gt; documentation.&lt;/li&gt;
&lt;li&gt;For code examples check the &lt;a href=&quot;https://github.com/tzolov/spring-ai-structured-output-demo&quot;&gt;spring-ai-structured-output-demo&lt;/a&gt; GitHub repository.&lt;/li&gt;
&lt;li&gt;&lt;a href=&quot;https://docs.spring.io/spring-ai/reference/1.0-SNAPSHOT/api/structured-output-converter.html#_supported_ai_models&quot;&gt;AI Models&lt;/a&gt; supported by the Structured Output API.&lt;/li&gt;
&lt;li&gt;&lt;a href=&quot;https://docs.spring.io/spring-ai/reference/1.0-SNAPSHOT/api/structured-output-converter.html#_build_in_json_mode&quot;&gt;Models&lt;/a&gt; with build-in JSON mode support.&lt;/li&gt;
&lt;/ul&gt;
&lt;h1 id=&quot;4-conclusions&quot; style=&quot;position:relative;&quot;&gt;&lt;a href=&quot;#4-conclusions&quot; aria-label=&quot;4 conclusions permalink&quot; class=&quot;anchor before&quot;&gt;&lt;svg aria-hidden=&quot;true&quot; focusable=&quot;false&quot; height=&quot;16&quot; version=&quot;1.1&quot; viewBox=&quot;0 0 16 16&quot; width=&quot;16&quot;&gt;&lt;path fill-rule=&quot;evenodd&quot; d=&quot;M4 9h1v1H4c-1.5 0-3-1.69-3-3.5S2.55 3 4 3h4c1.45 0 3 1.69 3 3.5 0 1.41-.91 2.72-2 3.25V8.59c.58-.45 1-1.27 1-2.09C10 5.22 8.98 4 8 4H4c-.98 0-2 1.22-2 2.5S3 9 4 9zm9-3h-1v1h1c1 0 2 1.22 2 2.5S13.98 12 13 12H9c-.98 0-2-1.22-2-2.5 0-.83.42-1.64 1-2.09V6.25c-1.09.53-2 1.84-2 3.25C6 11.31 7.55 13 9 13h4c1.45 0 3-1.69 3-3.5S14.5 6 13 6z&quot;&gt;&lt;/path&gt;&lt;/svg&gt;&lt;/a&gt;4. Conclusions&lt;/h1&gt;
&lt;p&gt;The ability of LLMs to produce structured outputs enables the developers for seamless integration with downstream applications. The &lt;code&gt;Structured Output Converters&lt;/code&gt; facilitate this process, ensuring reliable parsing of model outputs into structured formats like JSON or Java Classes.&lt;/p&gt;
&lt;p&gt;This post provides practical usage examples of converters like &lt;code&gt;BeanOutputConverter&lt;/code&gt;, &lt;code&gt;MapOutputConverter&lt;/code&gt;, and &lt;code&gt;ListOutputConverter&lt;/code&gt;, showcasing the generation structured outputs for diverse data types.&lt;/p&gt;
&lt;p&gt;In summary, Spring AI&apos;s Structured Output Converters offer a robust solution for developers seeking to harness the power of LLMs while ensuring compatibility and reliability in their applications through structured output formats.&lt;/p&gt;</content:encoded></item><item><title><![CDATA[Spring Tips: Vector Databases with Spring AI]]></title><link>https://spring.io/blog/2024/05/07/spring-tips-vector-databases-with-spring-ai</link><guid isPermaLink="true">https://spring.io/blog/2024/05/07/spring-tips-vector-databases-with-spring-ai</guid><dc:creator><![CDATA[Josh Long]]></dc:creator><pubDate>Tue, 07 May 2024 00:00:00 GMT</pubDate><content:encoded>&lt;p&gt;Hi, Spring fans! In this installment, we look at the amazing support for vector databases in Spring AI.&lt;/p&gt;
&lt;iframe width=&quot;560&quot; height=&quot;315&quot; src=&quot;https://www.youtube.com/embed/yPu-WV_00Tk?si=ZdSLdapSfNA2K8Th&quot; title=&quot;YouTube video player&quot; frameborder=&quot;0&quot; allow=&quot;accelerometer; autoplay; clipboard-write; encrypted-media; gyroscope; picture-in-picture; web-share&quot; referrerpolicy=&quot;strict-origin-when-cross-origin&quot; allowfullscreen&gt;&lt;/iframe&gt;</content:encoded></item><item><title><![CDATA[This Week in Spring - May 7th, 2024]]></title><link>https://spring.io/blog/2024/05/07/this-week-in-spring-may-7th-2024</link><guid isPermaLink="true">https://spring.io/blog/2024/05/07/this-week-in-spring-may-7th-2024</guid><dc:creator><![CDATA[Josh Long]]></dc:creator><pubDate>Tue, 07 May 2024 00:00:00 GMT</pubDate><content:encoded>&lt;p&gt;Hi, Spring fans! Welcome to another amazing installment of &lt;em&gt;This Week in Spring&lt;/em&gt;! I&apos;m in bellisima Rome, Italy, where I&apos;ve just spent time in some fun meetings, and now I&apos;m off to lovely London, UK, for Devoxx UK 2024. It&apos;s going to be amazing. If you&apos;re there, don&apos;t hesitate to say hi! I&apos;ve got to run for a plane so let&apos;s make this week&apos;s installment quick!&lt;/p&gt;
&lt;ul&gt;
&lt;li&gt;in last week&apos;s installment of &lt;em&gt;A Bootiful Podcast&lt;/em&gt;, I talked to &lt;a href=&quot;https://spring.io/blog/2024/05/03/a-bootiful-podcast-carl-azoury-zenika-founder-and-ceo/&quot;&gt;Zenika CEO Carl Azoury&lt;/a&gt;&lt;/li&gt;
&lt;li&gt;&lt;a href=&quot;https://spring.io/blog/2024/05/03/a-bootiful-podcast-carl-azoury-zenika-founder-and-ceo/&quot;&gt;Spring Tools 4.22.1 released&lt;/a&gt;&lt;/li&gt;
&lt;li&gt;In last week&apos;s installment of &lt;em&gt;Spring Tips&lt;/em&gt;, I looked &lt;a href=&quot;https://spring.io/blog/2024/05/01/spring-tips-beans-beans-whats-in-a-spring-bean&quot;&gt;at the humble Spring bean, and you should too!&lt;/a&gt;&lt;/li&gt;
&lt;li&gt;Interesting! Somebody is refactoring and reworking a &lt;a href=&quot;https://www.youtube.com/watch?v=lV3IUT5VxqA&quot;&gt;Spring AI demo I did and it&apos;s fun to watch &lt;/a&gt;&lt;/li&gt;
&lt;li&gt;Baeldung is at it again with a post that&apos;ll surely be the first search result for some search you&apos;ll make soon enough: &lt;a href=&quot;https://www.baeldung.com/spring-boot-set-default-timezone&quot;&gt;setting the default time zone in a Spring Boot application&lt;/a&gt;&lt;/li&gt;
&lt;li&gt;&lt;a href=&quot;https://www.youtube.com/watch?v=HjDucvwmWeE&quot;&gt;Four Cool Things about Spring AI&lt;/a&gt;&lt;/li&gt;
&lt;li&gt;&lt;a href=&quot;https://www.makariev.com/blog/advanced-spring-boot-structure-clean-architecture-modulith/&quot;&gt;Advanced practices in Spring Boot: Building a Modular Application with Docker, Zipkin, and 100% Code Coverage&lt;/a&gt;&lt;/li&gt;
&lt;/ul&gt;</content:encoded></item><item><title><![CDATA[A Bootiful Podcast: Carl Azoury, Zenika founder and CEO]]></title><link>https://spring.io/blog/2024/05/03/a-bootiful-podcast-carl-azoury-zenika-founder-and-ceo</link><guid isPermaLink="true">https://spring.io/blog/2024/05/03/a-bootiful-podcast-carl-azoury-zenika-founder-and-ceo</guid><dc:creator><![CDATA[Josh Long]]></dc:creator><pubDate>Fri, 03 May 2024 00:00:00 GMT</pubDate><content:encoded>&lt;p&gt;Hi, Spring fans! In this installment I talk to Zenika founder and CEO Carl Azoury, and friend to the community and a part of the Spring story for decades&lt;/p&gt;
&lt;iframe title=&quot;Carl Azoury, Zenika founder, CEO, and friend to the community&quot; allowtransparency=&quot;true&quot; height=&quot;150&quot; width=&quot;100%&quot; style=&quot;border: none; min-width: min(100%, 430px);height:150px;&quot; scrolling=&quot;no&quot; data-name=&quot;pb-iframe-player&quot; src=&quot;https://www.podbean.com/player-v2/?i=4gx57-16011aa-pb&amp;from=pb6admin&amp;share=1&amp;download=1&amp;rtl=0&amp;fonts=Arial&amp;skin=1&amp;font-color=&amp;logo_link=episode_page&amp;btn-skin=7&quot; loading=&quot;lazy&quot;&gt;&lt;/iframe&gt;</content:encoded></item><item><title><![CDATA[Spring Tools 4.22.1 released]]></title><link>https://spring.io/blog/2024/05/02/spring-tools-4-22-1-released</link><guid isPermaLink="true">https://spring.io/blog/2024/05/02/spring-tools-4-22-1-released</guid><dc:creator><![CDATA[Martin Lippert]]></dc:creator><pubDate>Thu, 02 May 2024 00:00:00 GMT</pubDate><content:encoded>&lt;p&gt;Dear Spring Community,&lt;/p&gt;
&lt;p&gt;I am happy to announce the 4.22.1 release of the Spring Tools 4 for Eclipse, Visual Studio Code, and Theia.&lt;/p&gt;
&lt;h4 id=&quot;important-highlights&quot; style=&quot;position:relative;&quot;&gt;&lt;a href=&quot;#important-highlights&quot; aria-label=&quot;important highlights permalink&quot; class=&quot;anchor before&quot;&gt;&lt;svg aria-hidden=&quot;true&quot; focusable=&quot;false&quot; height=&quot;16&quot; version=&quot;1.1&quot; viewBox=&quot;0 0 16 16&quot; width=&quot;16&quot;&gt;&lt;path fill-rule=&quot;evenodd&quot; d=&quot;M4 9h1v1H4c-1.5 0-3-1.69-3-3.5S2.55 3 4 3h4c1.45 0 3 1.69 3 3.5 0 1.41-.91 2.72-2 3.25V8.59c.58-.45 1-1.27 1-2.09C10 5.22 8.98 4 8 4H4c-.98 0-2 1.22-2 2.5S3 9 4 9zm9-3h-1v1h1c1 0 2 1.22 2 2.5S13.98 12 13 12H9c-.98 0-2-1.22-2-2.5 0-.83.42-1.64 1-2.09V6.25c-1.09.53-2 1.84-2 3.25C6 11.31 7.55 13 9 13h4c1.45 0 3-1.69 3-3.5S14.5 6 13 6z&quot;&gt;&lt;/path&gt;&lt;/svg&gt;&lt;/a&gt;important highlights&lt;/h4&gt;
&lt;ul&gt;
&lt;li&gt;&lt;em&gt;(Spring Boot)&lt;/em&gt; Support JPQL syntax in Java sources and Named Query properties files (Java sources not supported yet in Eclipse)&lt;/li&gt;
&lt;li&gt;&lt;em&gt;(Spring Boot)&lt;/em&gt; Spring Symbol indexing has order of magnitude smaller memory footprint allowing for indexing very large Spring Boot projects&lt;/li&gt;
&lt;li&gt;&lt;em&gt;(Spring Boot)&lt;/em&gt; New UI in VSCode to show/hide/refresh Live Data for running Spring Boot apps&lt;/li&gt;
&lt;li&gt;&lt;em&gt;(Spring Boot)&lt;/em&gt; .properties &lt;code&gt;&amp;#x3C;-&gt;&lt;/code&gt; .yml conversions available in Eclipse and VSCode&lt;/li&gt;
&lt;li&gt;&lt;em&gt;(Spring Boot)&lt;/em&gt; Show active profiles for running spring boot applications in Eclipse and VSCode with Boot Dashboard extension&lt;/li&gt;
&lt;li&gt;&lt;em&gt;(Eclipse)&lt;/em&gt; &quot;Add Starters...&quot; Inlay in POM file available in Eclipse too now&lt;/li&gt;
&lt;/ul&gt;
&lt;h4 id=&quot;updates-to-the-spring-tools-4-for-eclipse-distribution&quot; style=&quot;position:relative;&quot;&gt;&lt;a href=&quot;#updates-to-the-spring-tools-4-for-eclipse-distribution&quot; aria-label=&quot;updates to the spring tools 4 for eclipse distribution permalink&quot; class=&quot;anchor before&quot;&gt;&lt;svg aria-hidden=&quot;true&quot; focusable=&quot;false&quot; height=&quot;16&quot; version=&quot;1.1&quot; viewBox=&quot;0 0 16 16&quot; width=&quot;16&quot;&gt;&lt;path fill-rule=&quot;evenodd&quot; d=&quot;M4 9h1v1H4c-1.5 0-3-1.69-3-3.5S2.55 3 4 3h4c1.45 0 3 1.69 3 3.5 0 1.41-.91 2.72-2 3.25V8.59c.58-.45 1-1.27 1-2.09C10 5.22 8.98 4 8 4H4c-.98 0-2 1.22-2 2.5S3 9 4 9zm9-3h-1v1h1c1 0 2 1.22 2 2.5S13.98 12 13 12H9c-.98 0-2-1.22-2-2.5 0-.83.42-1.64 1-2.09V6.25c-1.09.53-2 1.84-2 3.25C6 11.31 7.55 13 9 13h4c1.45 0 3-1.69 3-3.5S14.5 6 13 6z&quot;&gt;&lt;/path&gt;&lt;/svg&gt;&lt;/a&gt;updates to the Spring Tools 4 for Eclipse distribution&lt;/h4&gt;
&lt;ul&gt;
&lt;li&gt;early access builds available for Eclipse 2024-06 milestone builds&lt;/li&gt;
&lt;/ul&gt;
&lt;p&gt;Detailed changes can be found in the release notes: &lt;a href=&quot;https://github.com/spring-projects/sts4/releases/tag/4.22.1.RELEASE&quot;&gt;https://github.com/spring-projects/sts4/releases/tag/4.22.1.RELEASE&lt;/a&gt;&lt;/p&gt;
&lt;h4 id=&quot;downloads&quot; style=&quot;position:relative;&quot;&gt;&lt;a href=&quot;#downloads&quot; aria-label=&quot;downloads permalink&quot; class=&quot;anchor before&quot;&gt;&lt;svg aria-hidden=&quot;true&quot; focusable=&quot;false&quot; height=&quot;16&quot; version=&quot;1.1&quot; viewBox=&quot;0 0 16 16&quot; width=&quot;16&quot;&gt;&lt;path fill-rule=&quot;evenodd&quot; d=&quot;M4 9h1v1H4c-1.5 0-3-1.69-3-3.5S2.55 3 4 3h4c1.45 0 3 1.69 3 3.5 0 1.41-.91 2.72-2 3.25V8.59c.58-.45 1-1.27 1-2.09C10 5.22 8.98 4 8 4H4c-.98 0-2 1.22-2 2.5S3 9 4 9zm9-3h-1v1h1c1 0 2 1.22 2 2.5S13.98 12 13 12H9c-.98 0-2-1.22-2-2.5 0-.83.42-1.64 1-2.09V6.25c-1.09.53-2 1.84-2 3.25C6 11.31 7.55 13 9 13h4c1.45 0 3-1.69 3-3.5S14.5 6 13 6z&quot;&gt;&lt;/path&gt;&lt;/svg&gt;&lt;/a&gt;downloads&lt;/h4&gt;
&lt;p&gt;To download the distribution for Eclipse and find links to the marketplace entries for Visual Studio Code and Theia, please go visit:&lt;/p&gt;
&lt;ul&gt;
&lt;li&gt;Spring Tools 4: &lt;a href=&quot;https://spring.io/tools/&quot;&gt;https://spring.io/tools/&lt;/a&gt;&lt;/li&gt;
&lt;/ul&gt;
&lt;p&gt;Spring Tools 4.23.0 is scheduled to be released in mid June 2024.&lt;/p&gt;
&lt;p&gt;Enjoy!&lt;/p&gt;</content:encoded></item></channel></rss>